alias	size	size_kb
41601-1.mpd	6418	6
4096-1_Crane.mpd	4278	4
4491-1.mpd	4421	4
10183-1_Small-steam-locomotive.mpd	7601	7
4005-1.mpd	29959	29
41500-1.mpd	43326	42
6373-1.mpd	162342	159
3181-1.mpd	18878	18
8122-1.mpd	4008	4
2531-1.mpd	8278	8
31009-1.mpd	14802	14
41585-1.mpd	76350	75
10183-1_German-Standard-Electric-Locomotive-2.mpd	13251	13
45300-1_Milo-with-tilt-sensor.mpd	202939	198
40194-1.mpd	3925	4
6890-1.mpd	7903	8
601-2.mpd	1430	1
6889-1.mpd	17099	17
42123-1.mpd	488924	477
60066-1.mpd	7018	7
6402-1.mpd	6130	6
3223-1_Scorpion.mpd	1825	2
9394-1_Propeller-Plane.mpd	42799	42
42060-1.mpd	132895	130
40351-1.mpd	8338	8
894-1.mpd	8008	8
3221-1.mpd	15981	16
10280-1.mpd	241968	236
42062-1.mpd	148499	145
40273-1.mpd	7130	7
3061-1.mpd	50508	49
42105-1.mpd	886970	866
8074-1_Tractor.mpd	528025	516
30191-1.mpd	2585	3
40782-1.mpd	119693	117
7817-1.mpd	135595	132
30311-1.mpd	3748	4
75050-1.mpd	21796	21
10019-1.mpd	93954	92
40290-1_Black-Seas-Barracuda.mpd	8560	8
722-1_Semi-Truck.mpd	9358	9
6506-1.mpd	3990	4
60059-1.mpd	14142	14
1211-2.mpd	14656	14
40271-1.mpd	7446	7
6357-1.mpd	11222	11
6011-1.mpd	2556	2
4905-1.mpd	2541	2
8257-1.mpd	258807	253
42107-1.mpd	245605	240
75870-1.mpd	454888	444
10183-1.mpd	32046	31
3501-1_Model-5.mpd	1446	1
41498-1.mpd	185939	182
6368-1.mpd	10030	10
6400-1.mpd	7020	7
10297-1.mpd	1076060	1051
3223-1.mpd	2586	3
7275-1.mpd	720	1
40353-1.mpd	19160	19
75033-1.mpd	7565	7
7607-1.mpd	2360	2
41625-1.mpd	25547	25
6954-1.mpd	32061	31
6445-1.mpd	7785	8
6852-1.mpd	6373	6
8062-1_Helicopter.mpd	25094	25
10143-1.mpd	123905	121
7248-1.mpd	7857	8
21035-1.mpd	128974	126
8283-1_Front-End-Loader.mpd	151138	148
8143-1.mpd	30022	29
5571-1.mpd	92374	90
7911-1.mpd	1743	2
1916-1.mpd	3121	3
31040-1_Dune-Buggy.mpd	12130	12
6608-1.3.mpd	1752	2
4488-1.mpd	3772	4
60101-1.mpd	385433	376
4404-1_Bike.mpd	19956	19
30034-1.mpd	2495	2
6642-1.mpd	5305	5
950-1.mpd	10363	10
854-1.mpd	44460	43
10205-1.mpd	12478	12
6054-1.mpd	14568	14
8156-1.mpd	30111	29
40441-1.mpd	17437	17
42004-1_Telehandler.mpd	12429	12
21008-1.mpd	8322	8
6831-1.mpd	3841	4
6607-1.mpd	2033	2
7815-1.mpd	12122	12
8841-1.mpd	72105	70
10240-1.mpd	591223	577
40290-1_Space.mpd	4309	4
41630-1.mpd	10216	10
6232-1.mpd	3010	3
6598-1.mpd	187267	183
1499-1.mpd	5404	5
42102-1_Harvester.mpd	32206	31
8448-1_Hot-Rod.mpd	11291337	11027
6850-1.mpd	4880	5
8002-1.mpd	469152	458
4432-1.mpd	15473	15
5540-1_Plane.mpd	41362	40
6043-1.mpd	12908	13
377-1.mpd	11295	11
8301-1_Combination-with-8304.mpd	3983	4
41092-1.mpd	333960	326
42046-1.mpd	8952	9
10002-1.mpd	21751	21
1991-1.mpd	5532	5
6741-1_Shuttle.mpd	3455	3
601-1.mpd	1908	2
41627-1.mpd	13780	13
3625-1.mpd	114193	112
8865-1.mpd	44401	43
17101-1_Frankie-the-Cat.mpd	362635	354
41618-1.mpd	11291	11
21013-1.mpd	17439	17
6056-1.mpd	9049	9
30055-1.mpd	3573	3
6682-1.mpd	8232	8
31088-1_Angler-Fish.mpd	14990	15
7784-1.mpd	56503	55
41589-1.mpd	36508	36
40391-1.mpd	8647	8
3501-1_Model-6.mpd	637	1
6397-1.mpd	423178	413
6666-1.mpd	7514	7
6970-1.mpd	18539	18
4200-1.mpd	6849	7
31028-1_Airboat.mpd	2242	2
7131-1.mpd	26595	26
8130-1_Combination-with-8131.mpd	4596	4
3660-1.mpd	343063	335
8820-1.mpd	512627	501
5980-1.mpd	43232	42
603-1.mpd	2818	3
6623-1.mpd	3944	4
8032-1_Bull.mpd	9916	10
8642-1_Combination-with-8641.mpd	4215	4
40348-1.mpd	11134	11
21309-1.mpd	79815	78
31025-1_Small-Lodge.mpd	19495	19
4883-1_Experienced-Build-Dozer.mpd	6021	6
8063-1.mpd	1097847	1072
42088-1_Tow-Truck.mpd	28112	27
7746-1.mpd	12659	12
4555-1.mpd	28540	28
5982-1.mpd	10912	11
6828-1.mpd	4436	4
316-1.mpd	7068	7
6355-1.mpd	8326	8
30313-1.mpd	4824	5
7800-1.mpd	2976	3
31313-1_Track3r.mpd	658535	643
71006-1.mpd	426400	416
928-1.mpd	22950	22
41015-1.mpd	1461299	1427
8261-1_Semi-Tractor.mpd	10732	10
10242-1.mpd	58628	57
8303-1.mpd	4855	5
8149-1_Combination-with-8150.mpd	4885	5
952-1.mpd	18447	18
31040-1.mpd	12342	12
5893-1_Buggy.mpd	29631	29
4557-1.mpd	24650	24
6956-1.mpd	28553	28
31048-1_Small-Cabin.mpd	10976	11
5510-1.mpd	231243	226
8198-1.mpd	11955	12
3795-1.mpd	84887	83
395-1.mpd	13282	13
8119-1.mpd	2667	3
106-1.mpd	3859	4
6541-1.mpd	189391	185
3501-1_Model-2.mpd	864	1
7150-1.mpd	23789	23
21037-1.mpd	67953	66
8120-1.mpd	2812	3
3501-1_Model-7.mpd	594	1
6522-1.mpd	2385	2
7601-1.mpd	3284	3
621-1.mpd	2989	3
6673-1.mpd	6355	6
20011-1.mpd	4880	5
8655-1.mpd	3317	3
4536-1.mpd	8272	8
164-1_Excursion-Car.mpd	7050	7
30036-1.mpd	2957	3
3183-1.mpd	220920	216
31197-1_Version-D.mpd	132164	129
6644-1.mpd	5925	6
312-3.mpd	29868	29
3015-1.mpd	3207	3
6504-1.mpd	3403	3
5510-1_Tow-Truck.mpd	220181	215
3063-1.mpd	11336	11
4096-1_EB-Truck.mpd	2401	2
6035-1.mpd	4914	5
4493-1.mpd	3676	4
9470-1.mpd	22067	22
4532-1.mpd	8550	8
6049-1.mpd	14990	15
5540-1.mpd	210601	206
31084-1_Skull-ride.mpd	972156	949
4436-1.mpd	7167	7
6605-1.mpd	1802	2
6699-1.mpd	156093	152
6876-1.mpd	8340	8
10158-1.mpd	10490	10
6833-1.mpd	4710	5
6601-1.mpd	3814	4
6388-1.mpd	24968	24
21323-1.mpd	3344186	3266
75253-1_Gong.mpd	87823	86
605-1.mpd	3854	4
7128-1.mpd	6283	6
6718-1.mpd	275111	269
6334-1.mpd	17401	17
40377-1.mpd	6068	6
41603-1.mpd	8900	9
41072-1.mpd	22248	22
41607-1.mpd	7858	8
7636-1.mpd	19040	19
42044-1.mpd	459830	449
7740-1.mpd	39155	38
21011-1.mpd	17991	18
41502-1.mpd	45034	44
30193-1.mpd	29526	29
42121-1.mpd	150902	147
42079-1.mpd	260711	255
1479-1.mpd	4570	4
3939-1.mpd	192655	188
8808-1.mpd	6613	6
41587-1.mpd	26127	26
42101-1.mpd	743596	726
1213-2.mpd	10624	10
6680-1.mpd	6966	7
1029-1.mpd	8214	8
8301-1.mpd	2708	3
31037-1_Hovercraft.mpd	14749	14
4996-1_Cozy-Cafe.mpd	23463	23
8161-1.mpd	30660	30
6537-1.mpd	4541	4
10264-1.mpd	239602	234
60018-1.mpd	19041	19
8158-1.mpd	68910	67
1704-1.mpd	5298	5
9469-1.mpd	6571	6
8259-1.mpd	11639	11
7638-1.mpd	10397	10
625-1.mpd	2825	3
8124-1.mpd	12354	12
4641-1.mpd	2859	3
31039-1_Speedboat.mpd	73651	72
6896-1.mpd	8875	9
7760-1.mpd	10260	10
314-1.mpd	30273	30
5865-1_4x4.mpd	2874	3
7347-1_Car.mpd	23476	23
42084-1.mpd	15233	15
7725-1.mpd	19996	20
4996-1_Apartment-Building.mpd	20216	20
30571-1.mpd	5759	6
76042-1.mpd	445059	435
75892-1.mpd	79071	77
8260-1.mpd	6772	7
20015-1.mpd	5804	6
7992-1.mpd	13001	13
21015-1.mpd	18377	18
8032-1_Helicopter.mpd	14668	14
10218-1.mpd	146631	143
8022-1_Tow-Truck.mpd	6683	7
3314-1.mpd	14300	14
6375-1.mpd	15539	15
8662-1_Combination-with-8665.mpd	4919	5
8810-1_Trike.mpd	13793	13
4918-1.mpd	4962	5
1484-1.mpd	11297	11
3187-1.mpd	334925	327
6581-1.mpd	15839	15
4888-1_Experienced-Build---G.mpd	7643	7
6074-1.mpd	40656	40
21022-1.mpd	13528	13
8202-1_B-Model.mpd	32939	32
42080-1.mpd	337066	329
60001-1.mpd	38240	37
42040-1.mpd	130385	127
6545-1.mpd	22332	22
1620-1.mpd	4319	4
7268-1.mpd	2377	2
40192-1.mpd	2720	3
8218-1.mpd	151452	148
42032-1.mpd	29470	29
6348-1.mpd	178248	174
6679-1.mpd	5995	6
42125-1.mpd	1183184	1155
8081-1.mpd	174773	171
10124-1.mpd	203749	199
40290-1_Airport-Shuttle.mpd	8218	8
4838-1.mpd	4655	5
31197-1_Version-C.mpd	131813	129
6799-1_Wheelgun.mpd	3408	3
4096-1_Formula1.mpd	1455	1
733-1_Rescue-Helicopter.mpd	10317	10
7111-1.mpd	4380	4
4349-1_Dragon-Fly.mpd	3150	3
42038-1.mpd	1247096	1218
6684-1.mpd	157075	153
21028-1.mpd	28934	28
7210-1.mpd	2191	2
852-1.mpd	22035	22
3636-1.mpd	125054	122
42077-1.mpd	1062741	1038
42021-1.mpd	94446	92
4918-1_Bi-Plane.mpd	4652	5
2845-1.mpd	352571	344
3501-1_Model-3.mpd	949	1
8074-1_Crane.mpd	478810	468
42059-1.mpd	101246	99
10183-1_Switcher.mpd	10998	11
10185-1.mpd	194808	190
30053-1.mpd	2612	3
51515-1_Blast.mpd	802826	784
8063-1_Sower.mpd	1089243	1064
30051-1.mpd	5888	6
42099-1.mpd	440032	430
8399-1.mpd	1916	2
3716-1.mpd	95890	94
6933-1.mpd	16736	16
8826-1.mpd	8144	8
41487-1.mpd	28822	28
6813-1.mpd	3324	3
40379-1.mpd	10503	10
5979-1.mpd	19673	19
6811-1.mpd	2839	3
6660-1.mpd	4736	5
31197-1_Version-B.mpd	132415	129
10359-1.mpd	767371	749
6524-1.mpd	3661	4
10183-1_Diesel-electric-American-locomotive.mpd	21209	21
40013-1.mpd	1380	1
6481-1.mpd	41020	40
5866-1_Plane.mpd	6991	7
8020-1_Chopper.mpd	3495	3
41598-1.mpd	6907	7
4888-1_Experienced-Build---F.mpd	14278	14
4917-1_Bird.mpd	5330	5
7271-1.mpd	563	1
21031-1.mpd	19262	19
42064-1.mpd	332539	325
5984-1.mpd	25061	24
6627-1.mpd	3105	3
4912-1.mpd	2303	2
10020-1.mpd	23183	23
42023-1_Wheel-Loader.mpd	13871	14
6625-1.mpd	156632	153
8193-1_Combination-with-8195.mpd	4503	4
41485-1.mpd	53423	52
8304-1_Combination-with-8301.mpd	4005	4
7209-1.mpd	2337	2
4551-1.mpd	14314	14
1875-1.mpd	3405	3
1772-1.mpd	7168	7
42066-1.mpd	435049	425
8203-1.mpd	182150	178
9476-1.mpd	48353	47
6780-1.mpd	35656	35
40011-1.mpd	3768	4
6949-1.mpd	26710	26
7813-1.mpd	16329	16
6526-1.mpd	4655	5
6353-1.mpd	12175	12
3404-1.mpd	13232	13
6741-1_Speedboat.mpd	3509	3
5866-1.mpd	9481	9
733-1_Laboratory.mpd	11188	11
6351-1.mpd	13767	13
6753-1_Crane.mpd	61038	60
555-2_Farm-Tractor.mpd	2772	3
75054-1.mpd	66984	65
3791-1.mpd	83401	81
21033-1.mpd	20130	20
8835-1.mpd	16030	16
4025-1.mpd	603062	589
10227-1.mpd	112315	110
4903-1.mpd	2116	2
956-1.mpd	44900	44
4018-1.mpd	698	1
6406-1.mpd	7020	7
31088-1_Squid.mpd	15711	15
6679-2.mpd	5362	5
3668-1.mpd	105319	103
8033-1.mpd	4255	4
7236-1.mpd	3823	4
4002020-1.mpd	312956	306
75277-1.mpd	81129	79
10246-1.mpd	585901	572
4434-1.mpd	12517	12
30091-1.mpd	2533	2
41621-1.mpd	16311	16
8824-1.mpd	39661	39
8418-1_B-Model.mpd	4609	5
6965-1.mpd	2075	2
6894-1.mpd	10609	10
3501-1_Model-1.mpd	523	1
889-1.mpd	3245	3
30029-1.mpd	5029	5
8657-1.mpd	3768	4
21113-1.mpd	15438	15
8147-1.mpd	44287	43
544-1_Car.mpd	1144	1
623-1.mpd	3151	3
4096-1_Forklift.mpd	3271	3
31038-1_Winter.mpd	22715	22
10262-1.mpd	2314427	2260
6989-1.mpd	236487	231
744-1_Truck.mpd	15575	15
5770-1.mpd	113187	111
1462-1.mpd	3706	4
6931-1.mpd	49566	48
8274-1_Dragstar.mpd	73910	72
3178-1.mpd	6672	7
6753-1.mpd	84118	82
8527-1_Basket-Tri-bot.mpd	160846	157
30312-1.mpd	17212	17
21052-1.mpd	611606	597
850-1.mpd	10365	10
31197-1_Version-A.mpd	131558	128
6950-1.mpd	15310	15
10885-1.mpd	532524	520
5864-1_Plane.mpd	2877	3
8126-1.mpd	12267	12
6382-1.mpd	24015	23
1097-1.mpd	2822	3
10281-1.mpd	974089	951
21017-1.mpd	52710	51
8845-1.mpd	504296	492
4206-2.mpd	18597	18
164-1_Coach.mpd	7708	8
7808-1.mpd	2490	2
1787-1.mpd	13362	13
75969-1.mpd	165367	161
6716-1.mpd	5420	5
5762-1_Speedboat.mpd	2341	2
6479-1.mpd	29140	28
7990-1.mpd	16902	17
42082-1.mpd	2616748	2555
561412-1.mpd	2707	3
75253-1.mpd	175378	171
31048-1.mpd	20371	20
6603-1.mpd	3400	3
7603-1.mpd	2447	2
3933-1.mpd	97017	95
1702-1.mpd	5215	5
8204-1.mpd	158498	155
30195-1.mpd	3018	3
10183-1_3-axis-steam-locomotive.mpd	8343	8
75954-1.mpd	418459	409
6990-1.mpd	85658	84
310-3.mpd	26884	26
42042-1.mpd	1757755	1717
10001-1_B-Model-from-Instruction.mpd	595044	581
6878-1.mpd	6731	7
31088-1.mpd	27423	27
9471-1.mpd	18909	18
4918-1_Jet.mpd	3926	4
6870-1.mpd	5274	5
7835-1.mpd	7037	7
8119-1_Combination-with-8122.mpd	3488	3
41605-1.mpd	6159	6
4495-1.mpd	4609	5
3185-1.mpd	1820359	1778
3501-1_MOdel-8.mpd	1417	1
40190-1.mpd	37963	37
6698-1.mpd	9340	9
41504-1.mpd	43969	43
6835-1.mpd	4049	4
30030-1.mpd	1984	2
6600-1_Model-B.mpd	1741	2
21034-1.mpd	191159	187
42024-1.mpd	68484	67
40783-1.mpd	303077	296
4308-1.mpd	3127	3
42061-1.mpd	140491	137
4939-1.mpd	13274	13
349-1.mpd	4389	4
40352-1.mpd	10777	11
4904-1.mpd	1651	2
8054-1_Model-D.mpd	117242	114
3796-1.mpd	85469	83
31072-1.mpd	8920	9
10918-1.mpd	224587	219
10212-1.mpd	140269	137
897-1.mpd	8208	8
8049-1_Log-Handler.mpd	196035	191
8840-1_B-Model.mpd	545918	533
10241-1.mpd	134015	131
10018-1.mpd	86620	85
1974-3.mpd	4961	5
6521-1.mpd	5066	5
31037-1.mpd	22807	22
41501-1.mpd	49376	48
31038-1.mpd	33268	32
31049-1_Snowmobile.mpd	42176	41
6683-1.mpd	6586	6
21311-1.mpd	210955	206
6745-1.mpd	12529	12
30277-1.mpd	3235	3
8495-1.mpd	28297	28
6599-1.mpd	6220	6
6832-1.mpd	5371	5
30542-1_Turkey.mpd	2937	3
30542-1_Cute-Pug.mpd	7281	7
7191-1.mpd	6121457	5978
40349-1.mpd	9820	10
7641-1.mpd	28337	28
4433-1.mpd	13004	13
374-1.mpd	20303	20
7639-1.mpd	9829	10
544-1_House.mpd	5443	5
6071-1.mpd	15104	15
40195-1.mpd	53301	52
7452-1.mpd	2163	2
6505-1.mpd	3607	4
8302-1.mpd	4570	4
6604-1.mpd	3462	3
7745-1.mpd	38204	37
7274-1.mpd	499	0
8131-1_Combination-with-8130.mpd	4608	5
5981-1.mpd	3734	4
112-2.mpd	61279	60
8880-1.mpd	835275	816
5761-1.mpd	3263	3
30192-1.mpd	2891	3
1869-1.mpd	3767	4
4537-1.mpd	11860	12
70127-1.mpd	108318	106
21009-1.mpd	26540	26
8001-1.mpd	335573	328
3676-1.mpd	87756	86
10258-1.mpd	74343	73
42047-1.mpd	12606	12
6885-1.mpd	9454	9
6540-1.mpd	173776	170
4837-1_Locomotive.mpd	4020	4
6641-1.mpd	4877	5
600-1.mpd	1097	1
4838-1_Wrecker.mpd	4548	4
6957-1.mpd	21729	21
6010-1.mpd	3182	3
6877-1.mpd	6027	6
21012-1.mpd	15016	15
10156-1.mpd	7213	7
10001-1.mpd	621839	607
42122-1.mpd	145255	142
21010-1.mpd	108122	106
31031-1_Chameleon.mpd	9041	9
4837-1_Steam-Train.mpd	4609	5
1896-1.mpd	171581	168
42031-1_Tow-Truck.mpd	7749	8
6034-1.mpd	78517	77
6507-1.mpd	4343	4
8836-1_Autogyro.mpd	507710	496
7722-1_Combination-with-7865.mpd	60151	59
8020-1_Dozer.mpd	5123	5
7997-1.mpd	23432	23
7816-1.mpd	11039	11
20009-1.mpd	6081	6
8148-1_Combination-with-8151.mpd	4799	5
60065-1.mpd	4849	5
41503-1.mpd	47503	46
1854-1.mpd	9939	10
8196-1.mpd	11641	11
42000-1.mpd	84693	83
31072-1_Hot-Rod.mpd	7050	7
10159-1.mpd	748990	731
30056-1.mpd	2304	2
40272-1.mpd	9700	9
75953-1.mpd	38662	38
42078-1_Dump-Truck.mpd	142355	139
8199-1.mpd	9317	9
30190-1.mpd	2247	2
42112-1.mpd	257495	251
42045-1.mpd	236043	231
71200-1.mpd	1451099	1417
41602-1.mpd	7251	7
6484-1.mpd	18629	18
6369-1.mpd	8156	8
75155-1.mpd	201115	196
6354-1.mpd	164684	161
10281-1_Cherry-Blossoms.mpd	980016	957
6542-1.mpd	78303	76
544-1_Ship.mpd	6059	6
40466-1.mpd	77919	76
6462-1.mpd	15232	15
9390-1_Race-Car.mpd	10061	10
7893-1.mpd	887276	866
6893-1.mpd	13188	13
7912-1.mpd	1120	1
42023-1_Dump-Truck.mpd	19152	19
6370-1.mpd	14309	14
8868-1_Dump-Truck.mpd	414547	405
6102-1.mpd	6276	6
950-1_Grader.mpd	8223	8
4347-1_Robo.mpd	2487	2
8121-1.mpd	2880	3
8281-1.mpd	9942	10
1952-1.mpd	9153	9
6761-1.mpd	232968	228
8258-1.mpd	508157	496
8281-1_Side-Car.mpd	8034	8
3708-1.mpd	161522	158
30101-1.mpd	2667	3
376-2.mpd	15931	16
10267-1.mpd	118929	116
4886-1_Advanced-Build.mpd	30250	30
41586-1.mpd	38118	37
4954-1_House-with-Truck.mpd	44017	43
8159-1.mpd	68663	67
42032-1_Snow-Groomer.mpd	16462	16
4492-1.mpd	5354	5
41075-1.mpd	2956442	2887
6941-1.mpd	40317	39
6681-1.mpd	7332	7
6848-1.mpd	6988	7
75075-1.mpd	4912	5
10220-1.mpd	847694	828
10265-1.mpd	832223	813
1212-2.mpd	10625	10
4347-1_Race-Car.mpd	2495	2
392-1.mpd	9525	9
4883-1_Advanced-Build-4WD.mpd	7727	8
3721-1.mpd	2162	2
42078-1.mpd	463393	453
350-3.mpd	24826	24
6643-1.mpd	5809	6
31066-1_Rover.mpd	75892	74
5920-1.mpd	3586	4
6606-1.mpd	2124	2
42120-1.mpd	204137	199
8838-1.mpd	1653814	1615
31084-1_Ship-ride.mpd	1090216	1065
6596-1.mpd	67463	66
6073-1.mpd	45255	44
8001-1_AT---ST.mpd	94010	92
2140-1.mpd	20135	20
10298-1.mpd	539681	527
8123-1.mpd	9587	9
8260-1_Motorbike.mpd	4579	4
6973-1.mpd	39646	39
1210-2.mpd	29248	29
3628-1.mpd	28542	28
8644-1_Combination-with-8643.mpd	3453	3
6875-1.mpd	6180	6
1808-1.mpd	9607	9
31070-1.mpd	34353	34
560-1.mpd	15953	16
6372-1.mpd	13066	13
41600-1.mpd	7729	8
7130-1.mpd	16299	16
60083-1.mpd	61569	60
2962-1.mpd	6147	6
42093-1.mpd	302290	295
30035-1.mpd	3117	3
10183-1_Tram.mpd	12122	12
7875-1.mpd	3384	3
3180-1.mpd	23711	23
4490-1.mpd	5770	6
6830-1.mpd	5770	6
8062-1_Crane.mpd	26597	26
8182-1.mpd	26381	26
4348-1_Helicopter.mpd	1717	2
8854-1.mpd	104505	102
6955-1.mpd	19610	19
21318-1_Autumn.mpd	560152	547
733-1_Formula-1-Racer.mpd	5413	5
7910-1.mpd	1483	1
722-1_Steam-Roller.mpd	5016	5
4489-1.mpd	4816	5
7936-1.mpd	8608	8
40270-1.mpd	133978	131
8270-1_Tower-Crane.mpd	9880	10
8133-1_Combination-with-8132.mpd	4820	5
6891-1.mpd	21739	21
4906-1.mpd	817	1
10243-1.mpd	929260	907
8840-1.mpd	505300	493
42106-1.mpd	106535	104
75895-1.mpd	417341	408
4096-1_Combine-Harvester.mpd	3543	3
8283-1.mpd	983995	961
4347-1_Cement-Truck.mpd	2321	2
7246-1.mpd	49962	49
4431-1.mpd	17905	17
315-2.mpd	31621	31
6747-1.mpd	23429	23
7747-1.mpd	24795	24
6396-1.mpd	37291	36
8122-1_Combination-with-8119.mpd	3465	3
6658-1.mpd	3790	4
2882-1.mpd	2488	2
7276-1.mpd	446	0
5973-1.mpd	43412	42
8020-1_Truck.mpd	5293	5
75272-1.mpd	85785	84
8062-1.mpd	12006	12
41624-1.mpd	6166	6
6895-1.mpd	13788	13
1831-1.mpd	13085	13
75948-1.mpd	191146	187
6647-1.mpd	3295	3
7685-1.mpd	22483	22
3501-1_Model-9.mpd	545	1
4494-1.mpd	6070	6
4002-1.mpd	3827	4
7991-1.mpd	11588	11
8828-1_Grader.mpd	14194	14
5771-1.mpd	35533	35
6562-1.mpd	22027	22
21036-1.mpd	55982	55
9391-1_Bulldozer.mpd	11184	11
4888-1_Quick-Build---A.mpd	2623	3
1713-1.mpd	2647	3
3184-1.mpd	210612	206
3186-1.mpd	1339827	1308
4096-1_Cement-Mixer.mpd	2334	2
75053-1.mpd	338861	331
42102-1.mpd	53362	52
31040-1_Quad.mpd	10989	11
31199-1_Ultimate.mpd	356132	348
10183-1_Passenger-car.mpd	17027	17
31049-1.mpd	53928	53
6697-1.mpd	7102	7
41505-1.mpd	159110	155
6331-1.mpd	12194	12
891-1.mpd	3675	4
6814-1.mpd	3039	3
8186-1.mpd	45522	44
1211-2_Alternate-model.mpd	11591	11
744-1_Factory.mpd	14067	14
42006-1.mpd	52722	51
3669-1.mpd	18911	18
7735-1_B-Model-from-Instruction.mpd	176648	173
40191-1.mpd	2870	3
1621-1.mpd	9416	9
6991-1.mpd	590275	576
6743-1_Hot-Rod.mpd	9238	9
40274-1.mpd	24217	24
4896-1_4WD.mpd	36321	35
5610-1.mpd	3111	3
8416-1.mpd	67191	66
10226-1.mpd	1143810	1117
7821-1_B-Model-from-Instruction.mpd	6622	6
7834-1.mpd	7136	7
1972-1.mpd	26071	25
6503-1.mpd	2870	3
30054-1.mpd	4537	4
4019-1.mpd	906	1
40354-1.mpd	94588	92
5865-1_F1.mpd	2773	3
40335-1.mpd	10645	10
3942-1.mpd	579970	566
41590-1.mpd	47702	47
40290-1_Castle.mpd	8844	9
8880-1_F1-Racer.mpd	812987	794
30194-1.mpd	2167	2
6851-1.mpd	4333	4
6743-1.mpd	8326	8
42022-1.mpd	26777	26
3794-1.mpd	1940	2
42043-1.mpd	1403393	1371
8272-1_Bulldozer.mpd	30454	30
42021-1_Snow-Motorcycle.mpd	73759	72
31031-1.mpd	14455	14
42124-1.mpd	372124	363
722-1_Factory-and-Truck.mpd	12357	12
3674-1.mpd	147343	144
1682-1.mpd	91961	90
2846-1.mpd	38014	37
6523-1.mpd	4660	5
21016-1.mpd	16863	16
604-2.mpd	1455	1
40141-1.mpd	10681	10
6834-1.mpd	5126	5
6349-1.mpd	14373	14
6376-1.mpd	13963	14
8859-1.mpd	50175	49
6392-1.mpd	41586	41
6626-1.mpd	2177	2
4915-1_Flat-Bed.mpd	3937	4
851-1.mpd	21077	21
4883-1.mpd	7246	7
7819-1.mpd	12886	13
3654-1.mpd	2943	3
6765-1.mpd	1945578	1900
6929-1.mpd	13664	13
5983-1.mpd	20846	20
6706-1.mpd	22433	22
6663-1.mpd	5986	6
76139-1.mpd	336046	328
42083-1.mpd	7046056	6881
4993-1_Truck.mpd	37139	36
8662-1.mpd	2798	3
4956-1_Small-Houses.mpd	25356	25
620-1.mpd	3007	3
41071-1.mpd	89293	87
7667-1.mpd	32268	32
6747-1_Chopper.mpd	14426	14
8527-1_Tri-bot.mpd	207430	203
40350-1.mpd	8198	8
8844-1.mpd	25411	25
622-1.mpd	2131	2
5893-1.mpd	60277	59
41604-1.mpd	9380	9
4558-1_B-Model-from-Instruction.mpd	594555	581
75968-1.mpd	99727	97
4554-1.mpd	39672	39
7743-1.mpd	29397	29
8054-1_Model-C.mpd	115521	113
42026-1.mpd	4525831	4420
4956-1_House-with-Arch.mpd	30827	30
30210-1.mpd	3165	3
7732-1.mpd	5505	5
3179-1.mpd	7542	7
148-1.mpd	170275	166
7602-1.mpd	2949	3
6622-1.mpd	154569	151
606-1.mpd	2577	3
1974-4.mpd	3932	4
8120-1_Combinaton-with-8121.mpd	4445	4
4549-1.mpd	28342	28
76161-1.mpd	195693	191
76897-1.mpd	39983	39
31088-1_Whale.mpd	16836	16
10261-1.mpd	3052955	2981
396-1.mpd	21258	21
390-2.mpd	9559	9
31028-1.mpd	2853	3
41620-1.mpd	7899	8
42063-1.mpd	1515477	1480
9392-1_Buggy.mpd	16344	16
6687-1.mpd	7108	7
6067-1.mpd	15711	15
733-1_Semi-Truck.mpd	13957	14
10224-1.mpd	339081	331
6602-1.mpd	1886	2
6667-1.mpd	15819	15
8656-1.mpd	3059	3
7810-1.mpd	6130	6
40440-1.mpd	16612	16
8643-1_Combination-with-8644.mpd	2972	3
8032-1_Tow-Truck.mpd	15742	15
6861-1.mpd	3213	3
21032-1.mpd	20423	20
8192-1_Combination-with-8194.mpd	4280	4
1096-1.mpd	7022	7
40014-1.mpd	1639	2
30028-1.mpd	2402	2
40148-1.mpd	6109	6
6745-1_Helicopter.mpd	11313	11
6951-1.mpd	19591	19
8838-1_Trike.mpd	1527393	1492
3644-1.mpd	19098	19
6527-1.mpd	4392	4
42081-1.mpd	240341	235
40425-1.mpd	11376	11
75276-1.mpd	103832	101
8825-1.mpd	5838	6
6810-1.mpd	4953	5
75317-1.mpd	23205	23
21029-1.mpd	42128	41
3740-1_Model-B.mpd	6932	7
6022-1.mpd	3760	4
6685-1.mpd	26972	26
6678-1.mpd	7278	7
4096-1_QB-Truck.mpd	1570	2
7272-1.mpd	666	1
3715-1.mpd	1605	2
30050-1.mpd	4868	5
60067-1.mpd	307584	300
1069-1.mpd	2488	2
7110-1.mpd	4599	4
4096-1_Loader.mpd	5155	5
311-1.mpd	28595	28
5866-1_Speed-Boat.mpd	7867	8
8841-1_Combination-with-8700.mpd	344479	336
10283-1.mpd	3048935	2977
4205-1.mpd	27882	27
41599-1.mpd	9327	9
6356-1.mpd	12665	12
9396-1_Twin-Rotor-Helicopter.mpd	56110	55
8304-1.mpd	2619	3
167-1.mpd	7601	7
850-1_Grader.mpd	8223	8
6953-1.mpd	19945	19
5891-1_Small-House.mpd	20077	20
8666-1_Combination-with-8661.mpd	4789	5
31199-1_Mark-III.mpd	130363	127
6482-1.mpd	14030	14
10182-1.mpd	148474	145
20014-1.mpd	4109	4
4939-1_Truck.mpd	12371	12
7824-1.mpd	34542	34
42039-1.mpd	2206383	2155
4939-1_Formula-1.mpd	9054	9
3938-1.mpd	101104	99
4947-1.mpd	2981	3
7222-1_Airplane.mpd	931	1
3670-1.mpd	297675	291
5766-1_Bridge-House.mpd	16021	16
6501-1.mpd	3634	4
31049-1_Single-Engine-Airplane.mpd	9921	10
924-1.mpd	12646	12
6030-1.mpd	6116	6
4563-1.mpd	181048	177
41606-1.mpd	13254	13
6988-1.mpd	48486	47
4917-1_Pliers.mpd	6477	6
1969-1.mpd	3889	4
30090-1.mpd	2442	2
8020-1_Van.mpd	5892	6
6208-1.mpd	171040	167
1210-2_ALternate-model.mpd	55845	55
10183-1_Diesel-electric-American-locomotive-3.mpd	18695	18
555-2_Car.mpd	2537	2
6389-1.mpd	39737	39
6352-1.mpd	11183	11
30542-1_Koala.mpd	3784	4
3219-1.mpd	745	1
6799-1_Carriage.mpd	13050	13
6544-1.mpd	20407	20
10183-1_Diesel-electric-American-locomotive-2.mpd	22783	22
41614-1.mpd	15426	15
8416-1_Tractor.mpd	37038	36
555-2_Elephant.mpd	2640	3
42121-1_Tracked-Tractor.mpd	155618	152
5867-1.mpd	15081	15
8202-1.mpd	44080	43
8022-1_Plane.mpd	5910	6
6442-1.mpd	14214	14
7269-1.mpd	2284	2
42020-1.mpd	346580	338
4953-1_Helicopter.mpd	8740	9
8261-1.mpd	12000	12
9394-1.mpd	37430	37
8125-1.mpd	11160	11
9397-1_Snowplow.mpd	95886	94
6374-1.mpd	15204	15
31031-1_Fish.mpd	5743	6
40193-1.mpd	2827	3
4993-1_Front-Loader.mpd	23851	23
42065-1.mpd	213911	209
4010-1.mpd	155098	151
8020-1_Jeep.mpd	4996	5
8285-1.mpd	387567	378
8160-1.mpd	76628	75
30033-1.mpd	2488	2
6645-1.mpd	14008	14
5533-1.mpd	68451	67
8850-1_B-Model.mpd	16368	16
42004-1.mpd	15384	15
21030-1.mpd	44941	44
4484-1.mpd	4240	4
42041-1.mpd	49247	48
31028-1_Sailboat.mpd	2065	2
42105-1_Race-Power-Boat.mpd	251114	245
41073-1.mpd	120555	118
1478-1.mpd	4415	4
6600-1.mpd	2220	2
4883-1_Experienced-Build-Car-with-Trailer.mpd	4378	4
6350-1.mpd	12881	13
8054-1_Model-A.mpd	257546	252
1633-1.mpd	2432	2
10278-1.mpd	364116	356
1680-1.mpd	6293	6
75010-1.mpd	5705	6
4533-1.mpd	4493	4
21014-1.mpd	32277	32
8259-1_Excavator.mpd	8826	9
40290-1_Brick-stand.mpd	86093	84
8032-1_Cabrio.mpd	15585	15
3792-1.mpd	67843	66
8273-1.mpd	394231	385
10184-1.mpd	109524	107
7741-1.mpd	5557	5
10295-1_911-Turbo.mpd	499547	488
21051-1.mpd	274383	268
30052-1.mpd	4560	4
3637-1.mpd	75742	74
6480-1.mpd	15307	15
10179-1.mpd	475807	465
6525-1.mpd	4698	5
40181-1.mpd	7518	7
6812-1.mpd	3640	4
604-1.mpd	2420	2
75055-1.mpd	135421	132
8825-1_Air-Plane.mpd	4134	4
8245-1.mpd	158022	154
5865-1.mpd	3239	3
6781-1.mpd	16917	17
8663-1_Combination-with-8664.mpd	6874	7
8448-1.mpd	20691485	20207
4778-1.mpd	16056	16
41486-1.mpd	58591	57
42100-1.mpd	1122296	1096
8862-1.mpd	43445	42
6624-1.mpd	3551	3
5985-1.mpd	35899	35
40012-1.mpd	1364	1
6661-1.mpd	6168	6
40396-1.mpd	3557	3
6932-1.mpd	30307	30
41181-1.mpd	2019794	1972
8815-1_120270---Racer.mpd	27002	26
6440-1.mpd	10025	10
31313-1_Spike3r.mpd	426979	417
77904-1.mpd	42424	41
75893-1.mpd	371525	363
31092-1.mpd	10478	10
8099-1.mpd	22881	22
6897-1.mpd	12815	13
6770-1.mpd	8581	8
42053-1.mpd	626560	612
6361-1.mpd	11239	11
8641-1.mpd	5051	5
8658-1.mpd	2114	2
42058-1.mpd	1803056	1761
6235-1.mpd	2514	2
21001-1.mpd	3236	3
7270-1.mpd	1498	1
4883-1_Quick-Build-Car-4.mpd	3045	3
8665-1.mpd	3024	3
10017-1.mpd	11244	11
2542-1.mpd	1936	2
2132-1.mpd	973	1
31063-1.mpd	257850	252
7235-1.mpd	2061	2
9095-1.mpd	5022	5
886-1.mpd	2623	3
6650-1.mpd	5664	6
41613-1.mpd	10093	10
8273-1_Utility-Cargo-Truck.mpd	477907	467
9092-1.mpd	4919	5
261-1.mpd	383829	375
3934-1.mpd	650030	635
7823-1.mpd	34536	34
4949-1.mpd	2653	3
40367-1.mpd	12318	12
42054-1.mpd	2816705	2751
6615-1.mpd	5387	5
30026-1.mpd	3562	3
8130-1.mpd	2581	3
6981-1.mpd	16917	17
1490-1.mpd	15383	15
6378-1.mpd	26053	25
8289-1.mpd	180380	176
7180-1.mpd	22252	22
6514-1.mpd	4229	4
6986-1.mpd	45537	44
8419-1_Dozer.mpd	18856	18
7866-1.mpd	14467	14
5974-1.mpd	94227	92
20006-1.mpd	4565	4
41512-1.mpd	45690	45
6745-1_Harrier-Jet.mpd	11548	11
42022-1_Rally-Racer.mpd	23682	23
4017-1.mpd	768	1
8274-1.mpd	112575	110
10175-1.mpd	189896	185
8448-1_Wing-Doors.mpd	21589466	21083
3683-1.mpd	320158	313
42069-1.mpd	735758	719
6556-1.mpd	9230	9
30472-1.mpd	3593	4
42115-1.mpd	3945057	3853
4953-1_Overcraft.mpd	14115	14
6911-1_Rescue-Helicopter.mpd	3005	3
42131-1.mpd	968334	946
1714-1.mpd	3758	4
7735-1.mpd	177132	173
6690-1.mpd	47313	46
7903-1.mpd	16349	16
21006-1.mpd	23119	23
1887-1.mpd	3733	4
7410-1.mpd	507410	496
7140-1.mpd	25839	25
4886-1_Quick-Build.mpd	13654	13
17101-1_Vernie.mpd	717183	700
6529-1.mpd	4873	5
8148-1.mpd	2690	3
75144-1.mpd	535608	523
6628-1.mpd	2389	2
4883-1_Experienced-Build-Truck.mpd	6742	7
42094-1.mpd	160663	157
5766-1.mpd	19706	19
8151-1_Combination-with-8148.mpd	4811	5
41999-1.mpd	117592	115
6769-1.mpd	250454	245
2130-1.mpd	744	1
4896-1_Dragstar.mpd	16571	16
41488-1.mpd	5763	6
31066-1_Space-Base.mpd	77938	76
21043-1.mpd	1079903	1055
3681-1.mpd	194627	190
8272-1.mpd	85774	84
7737-1.mpd	7753	8
4547-1.mpd	20888	20
41637-1.mpd	10338	10
3936-1.mpd	150832	147
430-1.mpd	934	1
8851-1.mpd	212822	208
30024-1.mpd	3076	3
9393-1.mpd	21531	21
6473-1.mpd	17857	17
4954-1_School.mpd	43155	42
4096-1_Tractor-and-Trailer.mpd	4004	4
7631-1.mpd	10839	11
41493-1.mpd	179533	175
41608-1.mpd	9474	9
365-1.mpd	677426	662
8012-1.mpd	626525	612
3641-1.mpd	124039	121
6939-1.mpd	15254	15
8830-1.mpd	51297	50
8448-1_Racer.mpd	24705658	24127
4404-1.mpd	80236	78
42070-1.mpd	467893	457
31063-1_Beachside-Shop.mpd	290946	284
10252-1.mpd	584053	570
8418-1.mpd	5375	5
42096-1.mpd	4749823	4638
6062-1.mpd	16506	16
6612-1.mpd	2226	2
6925-1.mpd	15058	15
4883-1_Quick-Build-Car-2.mpd	3553	3
4896-1.mpd	48109	47
358-1.mpd	16507	16
42020-1_Single-Rotor-Helicopter.mpd	10315	10
6747-1_Dragster.mpd	12643	12
1775-1.mpd	14651	14
41595-1.mpd	8087	8
1572-1.mpd	4934	5
8074-1_Road-Grader.mpd	250123	244
8830-1_Race-Car.mpd	49449	48
41591-1.mpd	44374	43
10022-1_Sleeping-Car.mpd	18469	18
42035-1.mpd	51562	50
8081-1_Hot-Rod.mpd	30925	30
8643-1.mpd	4354	4
4915-1.mpd	5353	5
10233-1.mpd	104806	102
6821-1.mpd	4099	4
6657-1.mpd	21617	21
367-1.mpd	39436	39
41903-1.mpd	109911	107
5864-1_Helicopter.mpd	3395	3
6689-1.mpd	72722	71
6674-1.mpd	6728	7
7221-1_Robot-2.mpd	1360	1
1489-1.mpd	15098	15
10276-1.mpd	369132	360
8841-1_Tractor.mpd	36222	35
30285-1.mpd	45512	44
7222-1.mpd	1406	1
8032-1_Gymnast.mpd	8545	8
8062-1_Truck-with-Motorbike.mpd	30017	29
4883-1_Quick-Build-Car-5.mpd	3752	4
6631-1.mpd	7410	7
2148-1.mpd	6836	7
10183-1_Diesel-electric-German-locomotive.mpd	15327	15
40144-1.mpd	8405	8
7821-1.mpd	8151	8
6286-1.mpd	1083940	1059
341-2.mpd	7788	8
10272-1.mpd	306361	299
8121-1_Combination-with-8120.mpd	4441	4
6530-1.mpd	4313	4
10036-1.mpd	12362	12
6805-1.mpd	2455	2
21018-1.mpd	28298	28
30181-1.mpd	2633	3
8132-1.mpd	2461	2
10183-1_Flatcar-with-Truck.mpd	12201	12
4917-1.mpd	5054	5
3678-1.mpd	9390	9
21003-1.mpd	84693	83
41040-1.mpd	3699	4
30259-1.mpd	1219646	1191
31045-1.mpd	51184	50
10183-1_Caboose.mpd	13068	13
6553-1.mpd	15323	15
4439-1.mpd	22256	22
21307-1.mpd	159319	156
21107-1.mpd	22377	22
918-1.mpd	5850	6
75980-1.mpd	125783	123
10129-1.mpd	85452	83
6676-1.mpd	9997	10
10183-1_Switcher-2.mpd	9730	10
7121-1.mpd	133139	130
6984-1.mpd	27664	27
41611-1.mpd	14498	14
7612-1.mpd	2260	2
5764-1.mpd	8520	8
8663-1.mpd	4050	4
6692-1.mpd	8460	8
8681-1.mpd	38132	37
6633-1.mpd	4660	5
8217-1.mpd	1010916	987
75966-1.mpd	10316	10
6516-1.mpd	3845	4
4349-1_Bird.mpd	2993	3
5521-1.mpd	21030	21
6880-1.mpd	10321	10
2584-1.mpd	2966	3
42043-1_Flatbed-Trailer.mpd	2011781	1965
3667-1.mpd	4914	5
8848-1.mpd	27624	27
42116-1_Hot-Rod.mpd	126587	124
6927-1.mpd	11876	12
21046-1.mpd	65688	64
31025-1_Mountaintop-Lockout.mpd	20716	20
7657-1.mpd	85789	84
8303-1_Combination-with-8302.mpd	4097	4
7733-1.mpd	91992	90
4883-1_Advanced-Build-Truck-and-Trailer.mpd	11827	12
6842-1.mpd	3502	3
41491-1.mpd	170141	166
7347-1.mpd	58249	57
6649-1.mpd	5562	5
40448-1.mpd	14599	14
9396-1.mpd	108006	105
40183-1.mpd	9628	9
3188-1.mpd	2352522	2297
5892-1.mpd	26869	26
6901-1.mpd	12869	13
8151-1.mpd	2942	3
21027-1.mpd	15452	15
7796-1.mpd	2656	3
21319-1.mpd	148957	145
722-1_Boat-Trailer.mpd	10366	10
6652-1.mpd	5744	6
6364-1.mpd	10546	10
8193-1.mpd	2863	3
6597-1.mpd	72561	71
4955-1_Cart.mpd	21049	21
42037-1.mpd	602893	589
42072-1.mpd	9389	9
4955-1_Car.mpd	24118	24
8832-1.mpd	521104	509
42056-1.mpd	2719673	2656
1793-1.mpd	28770	28
4486-1.mpd	3940	4
613-1.mpd	934	1
30100-1.mpd	2372	2
21302-1.mpd	29421	29
6532-1.mpd	4747	5
4937-1.mpd	3360	3
8810-1.mpd	498545	487
6363-1.mpd	8480	8
8855-1.mpd	89155	87
31027-1_Snow-Groomer.mpd	3438	3
1631-1.mpd	2266	2
42092-1.mpd	340683	333
4558-1.mpd	621795	607
3624-1.mpd	161645	158
3798-1.mpd	85002	83
30201-1.mpd	4478	4
5972-1.mpd	19806	19
7326-1.mpd	39148	38
8032-1.mpd	6016	6
6742-1_Pickup.mpd	3992	4
42109-1.mpd	325034	317
4565-1.mpd	53958	53
31199-1_Hulkbuster-Mark-I.mpd	130499	127
6801-1.mpd	2338	2
4015-1.mpd	17659	17
361-2.mpd	5089	5
6696-1.mpd	8445	8
3741-1_Model-B.mpd	8997	9
31072-1_Speedboat.mpd	5008	5
42049-1.mpd	169016	165
8135-1.mpd	30545	30
5864-1_Boat.mpd	3043	3
10269-1.mpd	162934	159
41588-1.mpd	77938	76
31048-1_Observatory.mpd	12451	12
6825-1.mpd	23084	23
7613-1.mpd	2160	2
60017-1.mpd	13078	13
60216-1.mpd	1703934	1664
4954-1.mpd	57447	56
41616-1.mpd	7607	7
8868-1.mpd	464214	453
6040-1.mpd	6359	6
7801-1.mpd	2488	2
166-1.mpd	4063	4
4310-1.mpd	2460	2
6066-1.mpd	16638	16
1632-1.mpd	2286	2
31027-1_Kart.mpd	2718	3
3442-1.mpd	6748	7
6399-1.mpd	52054	51
21042-1.mpd	247395	242
8194-1_Combination-with-8192.mpd	4298	4
42052-1.mpd	356547	348
41615-1.mpd	10778	11
8062-1_Rower.mpd	17920	18
6656-1.mpd	3630	4
3501-1.mpd	2023	2
1472-1.mpd	23484	23
4911-1.mpd	2115	2
744-1_Mobile-Base.mpd	9477	9
21007-1.mpd	12726	12
7803-1.mpd	2663	3
9093-1.mpd	5216	5
4485-1.mpd	4386	4
40138-1.mpd	13433	13
30284-1.mpd	3429	3
40180-1.mpd	8638	8
3704-1.mpd	1013	1
6509-1.mpd	2671	3
8641-1_Combination-with-8642.mpd	4205	4
9392-1.mpd	18318	18
8110-1.mpd	1727241	1687
10016-1.mpd	6784	7
6613-1.mpd	2453	2
6980-1.mpd	300625	294
1496-1.mpd	4814	5
6512-1.mpd	3971	4
30161-1.mpd	2613	3
40412-1.mpd	18657	18
30023-1.mpd	1686	2
42076-1.mpd	659387	644
6790-1.mpd	2200	2
6959-1.mpd	51587	50
7306-1.mpd	6542	6
4348-1_Space-Ship.mpd	1960	2
42101-1_Race-Car.mpd	18744	18
10197-1.mpd	166569	163
6964-1.mpd	2095	2
40457-1.mpd	10323	10
555-2_Helicopter.mpd	4735	5
8466-1.mpd	36074690	35229
4037-1.mpd	570	1
8527-1_Tri-bot-Base.mpd	1355126	1323
8815-1_Road-Roller.mpd	13278	13
8256-1.mpd	502287	491
42033-1.mpd	9662	9
6844-1.mpd	3920	4
4541-1.mpd	10238	10
2134-1.mpd	871	1
165-1.mpd	54126	53
4883-1_Quick-Build-Quad.mpd	3171	3
4915-1_Fork-Lift.mpd	3521	3
3315-1.mpd	340032	332
8132-1_Combination-with-8133.mpd	4822	5
10183-1_Flatcar-with-container.mpd	6067	6
21023-1.mpd	25053	24
1517-1.mpd	2875	3
7637-1.mpd	38126	37
3932-1.mpd	62416	61
926-1.mpd	15413	15
6536-1.mpd	3823	4
8211-1.mpd	33717	33
8655-1_Combination-with-8658.mpd	4637	5
8856-1_Hovercraft.mpd	205617	201
70816-1.mpd	2141508	2091
8197-1.mpd	11407	11
3405-1.mpd	13237	13
7453-1.mpd	1847	2
4309-1.mpd	3093	3
6742-1_Heavy-Forklift.mpd	4184	4
6416-1.mpd	17210	17
10294-1.mpd	1622496	1584
6884-1.mpd	9245	9
7347-1_Truck.mpd	43169	42
40378-1.mpd	14818	14
42113-1.mpd	345369	337
1773-1.mpd	7538	7
40199-1.mpd	15125	15
10213-1.mpd	63273	62
31009-1_Windmill.mpd	13099	13
566-1_Seaplane.mpd	2015	2
4837-1_Train.mpd	3397	3
10256-1.mpd	125132	122
566-1_Elephant.mpd	2073	2
31037-1_Helicopter.mpd	16800	16
31039-1.mpd	159538	156
4539-1.mpd	7585	7
6879-1.mpd	8225	8
7750-1.mpd	86189	84
8028-1.mpd	2698	3
6966-1.mpd	3611	4
6339-1.mpd	119210	116
4883-1_Experienced-Build-Tractor.mpd	6385	6
4956-1.mpd	31011	30
7608-1.mpd	1696	2
6608-1.mpd	1752	2
21311-1_Lions.mpd	180941	177
6381-1.mpd	17329	17
3930-1.mpd	4582	4
7610-1.mpd	988	1
8289-1_Tow-Truck.mpd	145566	142
42111-1.mpd	1758767	1718
6923-1.mpd	27303	27
8836-1.mpd	544094	531
4883-1_Quick-Build-Car-1.mpd	3665	4
6414-1.mpd	130026	127
4883-1_Quick-Build-Car-3.mpd	2242	2
6886-1.mpd	12542	12
8195-1.mpd	2862	3
9391-1.mpd	74439	73
8656-1_Combination-with-8657.mpd	4635	5
5970-1.mpd	5371	5
10315-1.mpd	1490197	1455
1528-1.mpd	3635	4
6451-1.mpd	11645	11
6080-1.mpd	65503	64
7715-1.mpd	22936	22
6669-1.mpd	6534	6
5935-1.mpd	10006	10
6983-1.mpd	30421	30
42108-1.mpd	558581	545
7245-1.mpd	5937	6
9390-1.mpd	49324	48
8464-1.mpd	37548	37
3602-1.mpd	3459	3
8841-1_Balance.mpd	3287	3
20021-1.mpd	7289	7
7942-1.mpd	7650	7
6694-1.mpd	10537	10
20004-1.mpd	8681	8
8134-1.mpd	15110	15
345-1.mpd	235794	230
410-1.mpd	1455	1
544-1_Airplane.mpd	1429	1
6827-1.mpd	3586	4
6021-1.mpd	4482	4
21021-1.mpd	32088	31
7101-1.mpd	5635	6
6245-1.mpd	309396	302
6511-1.mpd	4196	4
6398-1.mpd	190002	186
31203-1.mpd	512325	500
21005-1.mpd	42663	42
42031-1.mpd	9699	9
107-2.mpd	8124	8
30022-1.mpd	1747	2
41497-1.mpd	168247	164
30102-1.mpd	2123	2
6741-1_Jet.mpd	3925	4
21004-1.mpd	9686	9
41617-1.mpd	7640	7
6712-1.mpd	3336	3
5893-1_Truck.mpd	48021	47
5969-1.mpd	2379	2
121-1.mpd	5658	6
6862-1.mpd	32582	32
6670-1.mpd	9128	9
6285-1.mpd	930135	908
41593-1.mpd	6008	6
8820-1_Dune-Buggy.mpd	509272	497
42071-1_Articulated-Truck.mpd	19433	19
41609-1.mpd	10110	10
42050-1.mpd	591424	578
10030-1.mpd	194937	190
75060-1.mpd	236888	231
4487-1.mpd	3315	3
4543-1.mpd	13211	13
6611-1.mpd	2385	2
31045-1_Aircraft.mpd	8033	8
21041-1.mpd	30126	29
733-1_Factory-and-Truck.mpd	18989	19
3937-1.mpd	95525	93
7278-1.mpd	505	0
30572-1.mpd	5631	5
164-1.mpd	6861	7
6365-1.mpd	9705	9
70814-1.mpd	70813	69
8029-1.mpd	5438	5
6059-1.mpd	89983	88
75181-1.mpd	142389	139
6743-1_SpeedCar.mpd	7162	7
3659-1.mpd	2545	2
10014-1.mpd	8773	9
6571-1.mpd	36475	36
42074-1.mpd	173206	169
60054-1.mpd	10585	10
7635-1.mpd	10751	10
7611-1.mpd	2237	2
10270-1.mpd	392450	383
6279-1.mpd	272937	267
8270-1.mpd	10857	11
10253-1.mpd	272754	266
40182-1.mpd	9449	9
6534-1.mpd	5134	5
7219-1.mpd	1711	2
10134-1.mpd	73294	72
4096-1_Truck-and-Trailer.mpd	6872	7
8208-1.mpd	3629	4
347-3.mpd	74647	73
10015-1.mpd	9575	9
6430-1.mpd	10986	11
75878-1.mpd	622858	608
42023-1_Excavator.mpd	16299	16
8841-1_Chassis.mpd	3716	4
689-1.mpd	3686	4
8661-1.mpd	2599	3
40436-1.mpd	9486	9
40142-1.mpd	9429	9
3701-1.mpd	154498	151
8195-1_Combination-with-8193.mpd	4517	4
4953-1.mpd	19315	19
7839-1.mpd	20319	20
8074-1_Mini-Loader.mpd	78044	76
7731-1.mpd	5899	6
1477-1.mpd	2673	3
31199-1_Mark-LXXXV.mpd	130333	127
8665-1_Combination-with-8662.mpd	4971	5
40380-1.mpd	12204	12
8642-1.mpd	4189	4
21039-1.mpd	51032	50
10037-1.mpd	13945	14
21303-1.mpd	58724	57
6898-1.mpd	10984	11
8841-1_Buggy.mpd	6147	6
31045-1_Submarine.mpd	44479	43
6919-1.mpd	1665870	1627
31084-1.mpd	1166777	1139
6552-1.mpd	14096	14
42057-1.mpd	281179	275
5934-1.mpd	12929	13
4544-1.mpd	11031	11
8828-1.mpd	33211	32
6911-1_Ladder-Truck.mpd	4550	4
6753-1_Tow-Truck.mpd	72523	71
1557-1.mpd	2680	3
744-1_Mobile-Crane.mpd	16787	16
5765-1.mpd	13404	13
21002-1.mpd	4458	4
8820-1_120270---Racer.mpd	27002	26
42029-1.mpd	1419163	1386
6632-1.mpd	5744	6
950-1_Lift.mpd	6260	6
3605-1.mpd	682	1
6346-1.mpd	174483	170
6841-1.mpd	3470	3
10025-1_Baggage-Car.mpd	14250	14
3189-1.mpd	1672161	1633
885-1.mpd	2563	3
10013-1.mpd	10276	10
5971-1.mpd	16165	16
6677-1.mpd	157216	154
722-1_Helicopter.mpd	6481	6
30025-1.mpd	3165	3
1656-1.mpd	19818	19
10022-1_Observation-Car.mpd	17547	17
2149-1.mpd	12118	12
8192-1.mpd	2586	3
21047-1.mpd	619665	605
6517-1.mpd	4877	5
6695-1.mpd	8455	8
4993-1.mpd	35748	35
41594-1.mpd	11204	11
126-1.mpd	2864	3
30300-1.mpd	5502	5
8152-1.mpd	15256	15
8661-1_Combination-with-8666.mpd	4801	5
42116-1.mpd	139108	136
10265-1_B-Model.mpd	837880	818
75102-1.mpd	339670	332
6668-1.mpd	8490	8
8849-1.mpd	44273	43
8020-1_Windmill.mpd	3495	3
31025-1.mpd	28185	28
41634-1.mpd	6550	6
8256-1_Lawn-Mover.mpd	392008	383
41490-1.mpd	93093	91
5533-1_Tractor-Pulling.mpd	66908	65
6362-1.mpd	8997	9
30105-1.mpd	3383	3
8856-1.mpd	1195418	1167
7632-1.mpd	53417	52
4883-1_Advanced-Build-Forklift.mpd	6376	6
8133-1.mpd	2989	3
21000-2.mpd	3307	3
4883-1_Experienced-Build-Car-2.mpd	3575	3
6533-1.mpd	6502	6
612-1.mpd	1164	1
7327-1.mpd	64680	63
6592-1.mpd	10241	10
10183-1_Tram-2.mpd	15617	15
3784-1.mpd	1367	1
8666-1.mpd	3294	3
2541-1.mpd	2094	2
40428-1.mpd	9750	10
8835-1_Farm-Tractor.mpd	10101	10
3718-1.mpd	1320	1
6386-1.mpd	173469	169
8850-1.mpd	19276	19
8658-1_Combination-with-8655.mpd	4679	5
30103-1.mpd	2491	2
4208-1.mpd	25213	25
4096-1_4WD.mpd	2647	3
42042-1_Tower-Crane.mpd	2029794	1982
21026-1.mpd	11116	11
6653-1.mpd	7208	7
8302-1_Combination-with-8303.mpd	4063	4
42073-1.mpd	9903	10
6648-2.mpd	3805	4
8815-1.mpd	15987	16
8855-1_Space-Shuttle.mpd	61919	60
31009-1_Skaters-House.mpd	12877	13
31039-1_Helicopter.mpd	148794	145
10176-1.mpd	55765	54
42036-1.mpd	1946874	1901
4096-1_Roadster-2.mpd	1974	2
5762-1_Twin-Tail-Prop.mpd	2382	2
1792-1.mpd	5056	5
7736-1.mpd	2587	3
2150-1.mpd	38887	38
6594-1.mpd	9696	9
6472-1.mpd	423732	414
6709-1.mpd	2243	2
10133-1.mpd	23282	23
4525-1.mpd	6743	7
40431-1.mpd	9474	9
6693-1.mpd	12404	12
7106-1.mpd	93325	91
6470-1.mpd	2578	3
10183-1_German-Standard-Electric-Locomotive.mpd	16801	16
5891-1.mpd	27115	26
7242-1.mpd	10517	10
6822-1.mpd	4997	5
42095-1.mpd	504006	492
40433-1.mpd	51186	50
7141-1.mpd	13517	13
31038-1_Automn.mpd	22982	22
6691-1.mpd	6842	7
3682-1.mpd	228621	223
6360-1.mpd	7243	7
7730-1.mpd	21493	21
10230-1.mpd	84718	83
6061-1.mpd	28792	28
8149-1.mpd	2560	3
42068-1.mpd	376279	367
7902-1.mpd	5710	6
6629-1.mpd	4036	4
10277-1.mpd	326747	319
10174-1.mpd	136479	133
4016-1.mpd	989	1
8527-1_QuickDraw-Tri-bot.mpd	204772	200
8664-1.mpd	3070	3
10248-1.mpd	75915	74
41596-1.mpd	10697	10
7325-1.mpd	419896	410
6325-1.mpd	2664	3
4886-1_Experienced-Build.mpd	20367	20
10183-1_Tank-car.mpd	7089	7
31027-1.mpd	3857	4
7822-1.mpd	25933	25
544-1_Truck.mpd	2510	2
8275-1.mpd	330920	323
30027-1.mpd	3828	4
8855-1_Combination-with-8700.mpd	441136	431
31063-1_Boatside-Harbor.mpd	183505	179
21045-1.mpd	135736	133
8022-1_Racecar.mpd	6120	6
9094-1.mpd	5026	5
5767-1.mpd	31097	30
6428-1.mpd	3149	3
10271-1.mpd	95134	93
544-1_Cow.mpd	1381	1
40456-1.mpd	7129	7
6344-1.mpd	16520	16
8400-1.mpd	1327	1
7181-1.mpd	27083	26
4404-1_Dragster.mpd	30733	30
10025-1_Mail-Car.mpd	15420	15
6085-1.mpd	71515	70
10295-1.mpd	488017	477
41592-1.mpd	24160	24
8150-1_Combination-with-8149.mpd	4865	5
40413-1.mpd	26896	26
10128-1.mpd	21717	21
42055-1.mpd	1807139	1765
4883-1_Experienced-Build-Car-1.mpd	5797	6
8150-1.mpd	3060	3
6614-1.mpd	8199	8
7221-1.mpd	1545	2
7218-1.mpd	1619	2
40143-1.mpd	11666	11
42129-1.mpd	824919	806
42110-1.mpd	570302	557
262-2.mpd	12611	12
4948-1.mpd	1669	2
6742-1_Tractor.mpd	3742	4
10190-1.mpd	106028	104
6651-1.mpd	5279	5
8419-1.mpd	19901	19
42075-1.mpd	749364	732
744-1_Windmill.mpd	15536	15
920-2.mpd	60826	59
8194-1.mpd	2701	3
8024-1_120270---Racer.mpd	27002	26
31092-1_Glider-Plane.mpd	4210	4
6550-1.mpd	4717	5
6987-1.mpd	51514	50
30283-1.mpd	77340	76
364-1.mpd	265987	260
8527-1_Whacker-Tri-bot.mpd	201862	197
158-1.mpd	852	1
3223-1_Turtle.mpd	975	1
5763-1.mpd	7246	7
6675-1.mpd	5502	5
21000-1.mpd	3305	3
6515-1.mpd	2980	3
6531-1.mpd	22205	22
9395-1.mpd	107580	105
1731-1.mpd	2997	3
850-1_Lift.mpd	6260	6
5762-1_Plane.mpd	2789	3
42071-1.mpd	11199	11
1591-1.mpd	2575	3
4991-1.mpd	2661	3
21024-1.mpd	31483	31
5766-1_Twin-House.mpd	15264	15
6688-1.mpd	4565	4
8131-1.mpd	2929	3
4914-1.mpd	1843	2
3782-1.mpd	1185	1
8209-1.mpd	496343	485
8062-1_Smale-Vehicle.mpd	10706	10
6450-1.mpd	7606	7
4096-1_Roadster-1.mpd	2214	2
7630-1.mpd	6270	6
21325-1.mpd	195445	191
21318-1.mpd	560073	547
41612-1.mpd	10476	10
20019-1.mpd	7189	7
6535-1.mpd	4671	5
8022-1_Robot.mpd	7800	8
6648-1.mpd	5368	5
6887-1.mpd	7968	8
1789-1.mpd	26158	26
42034-1.mpd	10130	10
4546-1.mpd	6275	6
8826-1_Race-Car.mpd	5543	5
3056-1.mpd	2302	2
21019-1.mpd	244771	239
4643-1.mpd	15084	15
6431-1.mpd	4557	4
5891-1_Holiday-House.mpd	18604	18
6415-1.mpd	3131	3
7223-1_Car.mpd	2276	2
6630-1.mpd	3793	4
41492-1.mpd	106567	104
6755-1.mpd	502969	491
31092-1_Power-Boat.mpd	5328	5
6634-1.mpd	37441	37
6911-1_Rescue-SUV.mpd	3661	4
10170-1.mpd	15312	15
2133-1.mpd	960	1
8644-1.mpd	2255	2
10251-1.mpd	807357	788
3935-1.mpd	232651	227
6384-1.mpd	174251	170
610-1.mpd	2309	2
6379-1.mpd	56652	55
42088-1.mpd	30132	29
3316-1.mpd	518786	507
555-2_Windmill.mpd	5230	5
7755-1.mpd	9985	10
8169-1.mpd	47288	46
10214-1.mpd	96549	94
21321-1.mpd	372444	364
7634-1.mpd	4748	5
5542-1.mpd	99376	97
42114-1.mpd	469466	458
435-1.mpd	1164	1
21020-1.mpd	35119	34
7161-1.mpd	732932	716
41496-1.mpd	91551	89
6380-1.mpd	22094	22
8664-1_Combination-with-8663.mpd	6876	7
8049-1.mpd	241679	236
10022-1_Dining-Car.mpd	15259	15
10194-1.mpd	56246	55
4883-1_Advanced-Build-Formula-1.mpd	5936	6
6490-1.mpd	9089	9
8448-1_Concept-Car.mpd	20592741	20110
3742-1.mpd	3822	4
8154-1.mpd	56760	55
3931-1.mpd	3453	3
6861-2.mpd	13854	14
4838-1_Car.mpd	3233	3
41632-1.mpd	14289	14
7802-1.mpd	1899	2
6602-1_Model-B.mpd	1745	2
1180-1.mpd	2117	2
6041-1.mpd	7618	7
6967-1.mpd	2926	3
8031-1.mpd	5753	6
6609-1.mpd	1654	2
40386-1.mpd	6213	6
4955-1.mpd	34589	34
42048-1.mpd	51194	50
6534-1_B-Model.mpd	5046	5
6508-1.mpd	2466	2
8657-1_Combination-with-8656.mpd	4649	5
3707-1.mpd	1078	1
31066-1_Shuttle.mpd	95290	93
7609-1.mpd	1425	1
7223-1_Truck.mpd	2305	2
10183-1_Modern-urban-electric-locomotive.mpd	18541	18
346-2.mpd	8371	8
